{
  "name": "Rebel Outpost",
  "x": -67.79234588933589,
  "y": -51582.97621597775
}