{
  "name": "Backwoods Black Market",
  "x": 10625.103536265546,
  "y": -63619.12901644654
}