{
  "name": "Imperial Outpost",
  "x": -44792.06735,
  "y": 53052.593418
}