{
  "name": "eAT-eAT",
  "x": 27642.873423,
  "y": -18287.803585
}