{
  "name": "Imperial Outpost",
  "x": -106104.315019,
  "y": 5671.444956
}