{
  "name": "Rebel Outpost",
  "x": -80425.9990265823,
  "y": -47546.72462216455
}