{
  "name": "Predator Peak",
  "x": -54370.6579400443,
  "y": 40928.174021175655
}