{
  "name": "Predator Peak Overlook",
  "x": -71255.87574779558,
  "y": 8149.767677716418
}