{
  "name": "Masked Motorway Bank",
  "x": 10827.178927174433,
  "y": 80628.2931792643
}